items,hessian,term,estimate,std.error,statistic,p.value,coefficient_type
Q9ProtectSLR,378.56358903197827,Q5>10years,0.36078797843853533,0.5675327116118013,0.6357130982175321,0.5249634375872079,beta
Q9ProtectSLR,378.56358903197827,Q51-5years,0.8653565985928832,0.6009019256085057,1.4400962315382437,0.14984017513488945,beta
Q9ProtectSLR,378.56358903197827,Q55-10years,-0.17413317257846347,0.5950429340478155,-0.292639677937039,0.7697975821470591,beta
Q9ProtectSLR,378.56358903197827,Q8Diploma,0.4400815255469724,0.5805528037787888,0.7580387566514261,0.4484277812929531,beta
Q9ProtectSLR,378.56358903197827,Q8Masters,-0.24466731792088633,0.30570421269520515,-0.8003400272564313,0.42351381791533615,beta
Q9ProtectSLR,378.56358903197827,Q8Other,0.6713178953976339,1.371681327221105,0.48941243281167907,0.6245497357488076,beta
Q9ProtectSLR,378.56358903197827,Q8PhD,-0.30818788169209904,0.2846156074125038,-1.082821439392925,0.27888768742583064,beta
Q9ProtectSLR,378.56358903197827,Q8TechnicalSecondaryOrLess,-1.9640858233322283,0.6658224141779137,-2.9498643805154434,0.003179134458416125,beta
Q9ProtectErosion,395.6239940553727,Q1Nonprofit,-0.3388886194937444,0.3610932984097099,-0.938507086634515,0.3479838768140426,beta
Q9ProtectErosion,395.6239940553727,Q1Other,0.9007842648239566,0.4264909795919269,2.1120828057977703,0.034679347503496404,beta
Q9ProtectErosion,395.6239940553727,Q1Private,0.5996293953783568,0.5601900803608048,1.0704034512573841,0.2844377464814268,beta
Q9ProtectErosion,395.6239940553727,Q1Research,0.4068624322666919,0.302393018705739,1.3454756131873962,0.17847169149019868,beta
Q9ProtectErosion,395.6239940553727,Q7_continentAmerica,1.7023968854000686,0.5960291544928117,2.856230895028475,0.004287032461226988,beta
Q9ProtectErosion,395.6239940553727,Q7_continentAsia,1.5415757307113782,0.8619844227698823,1.7884032355917892,0.07371097467802794,beta
Q9ProtectErosion,395.6239940553727,Q7_continentAustralia,2.0255824509755773,0.7609104937539792,2.6620508819405204,0.007766613717462979,beta
Q9ProtectErosion,395.6239940553727,Q7_continentEurope,1.2950458833577558,0.5577907504182806,2.32174140999401,0.020246863761907926,beta
Q9ProtectErosion,395.6239940553727,Q8Diploma,0.46642159188119,0.6110404303530953,0.763323617737805,0.4452704202768935,beta
Q9ProtectErosion,395.6239940553727,Q8Masters,0.17226164557848012,0.31680195608444656,0.5437518369759123,0.5866122558953355,beta
Q9ProtectErosion,395.6239940553727,Q8Other,2.3882555447279037,1.3118655533181551,1.8205032815193534,0.06868239698078696,beta
Q9ProtectErosion,395.6239940553727,Q8PhD,0.2578696513495853,0.3254316912945366,0.7923925611663821,0.4281318155301104,beta
Q9ProtectErosion,395.6239940553727,Q8TechnicalSecondaryOrLess,-2.901301286550404,0.7354447023417109,-3.94496184051968,7.981268748903071e-5,beta
Q9ProtectSurge,459.3227534536622,Q5>10years,-0.21889762386028958,0.6119807187628475,-0.35768712501727684,0.7205774692605749,beta
Q9ProtectSurge,459.3227534536622,Q51-5years,0.4563249103300094,0.6410971822768042,0.7117874215410037,0.47659642293685245,beta
Q9ProtectSurge,459.3227534536622,Q55-10years,-0.4737332426601411,0.6405255686673197,-0.7396008306831413,0.4595422374851987,beta
Q9ProtectSurge,459.3227534536622,Q8Diploma,1.284802243994943,0.6092243752761378,2.1089147055427513,0.03495194463368622,beta
Q9ProtectSurge,459.3227534536622,Q8Masters,-0.45442736855047405,0.30801837111084956,-1.4753255363035955,0.14012504418805682,beta
Q9ProtectSurge,459.3227534536622,Q8Other,1.6425963950790354,1.3018692326645847,1.2617214954201443,0.20704901931757644,beta
Q9ProtectSurge,459.3227534536622,Q8PhD,-0.12529697993560504,0.27922927522700636,-0.44872436757837,0.6536305041396151,beta
Q9ProtectSurge,459.3227534536622,Q8TechnicalSecondaryOrLess,-1.5260771496727006,0.6163692227616854,-2.4759139381343624,0.013289560838916996,beta
Q9ProtectRiver,347.7579062789232,Q7_continentAmerica,0.07820430521518187,0.5318130842105817,0.147052239850901,0.8830907870305116,beta
Q9ProtectRiver,347.7579062789232,Q7_continentAsia,0.2663572379301236,0.7393037967127956,0.36028117144053834,0.7186368782410795,beta
Q9ProtectRiver,347.7579062789232,Q7_continentAustralia,0.5623754692501672,0.7076797445300644,0.7946750964641687,0.4268025222985747,beta
Q9ProtectRiver,347.7579062789232,Q7_continentEurope,-0.591307559053092,0.48967034424687517,-1.2075625285467049,0.22721557988684105,beta
Q9MinEnvHazards,358.6200592954158,Q6>75%,-0.31230427789265597,0.3896292597714432,-0.8015421585017868,0.4228178478798675,beta
Q9MinEnvHazards,358.6200592954158,Q610-25%,-1.2193906308774196,0.39663971914193313,-3.074302879992395,0.0021099510360663037,beta
Q9MinEnvHazards,358.6200592954158,Q625-50%,-0.7253827012517543,0.3407070397642915,-2.12905111016664,0.03325003202961311,beta
Q9MinEnvHazards,358.6200592954158,Q650-75%,-0.5122653833299265,0.3716216983660009,-1.3784592922919405,0.16806152793014484,beta
Q9MinEnvHazards,358.6200592954158,Q7_continentAmerica,0.26441370867217867,0.5911928178268835,0.44725460238863357,0.6546912411286852,beta
Q9MinEnvHazards,358.6200592954158,Q7_continentAsia,0.7980560678940053,0.8220353854141906,0.9708293366129207,0.3316332711715541,beta
Q9MinEnvHazards,358.6200592954158,Q7_continentAustralia,1.3413211471454336,0.7691641292173121,1.7438685661411932,0.08118201096352423,beta
Q9MinEnvHazards,358.6200592954158,Q7_continentEurope,-0.8326839466503284,0.552501076155454,-1.5071173298783604,0.13178058548298346,beta
Q9MinEnvHazards,358.6200592954158,Q8Diploma,0.39269802559619466,0.6128097533835896,0.6408155605029747,0.5216425219086201,beta
Q9MinEnvHazards,358.6200592954158,Q8Masters,-1.0173070852629182,0.3428197121021825,-2.9674696330171786,0.0030026194116334805,beta
Q9MinEnvHazards,358.6200592954158,Q8Other,2.4496613239283573,1.569010136766742,1.561278201157051,0.11845812463960484,beta
Q9MinEnvHazards,358.6200592954158,Q8PhD,-0.797757678700534,0.3084935221680762,-2.5859787041683573,0.00971029297988767,beta
Q9MinEnvHazards,358.6200592954158,Q8TechnicalSecondaryOrLess,-0.08248342509215467,0.7105126465432738,-0.11609001682580328,0.9075812007366436,beta
Q9PreventBiodivLoss,380.5343794135937,Q7_continentAmerica,-1.326851970771567,0.6270148672702446,-2.116141163523147,0.03433280344756395,beta
Q9PreventBiodivLoss,380.5343794135937,Q7_continentAsia,-0.542414874914018,0.8113482971434274,-0.6685351738873887,0.5037920371992569,beta
Q9PreventBiodivLoss,380.5343794135937,Q7_continentAustralia,1.3583173708476928,0.8759600320474954,1.5506613557158775,0.12098286007165081,beta
Q9PreventBiodivLoss,380.5343794135937,Q7_continentEurope,-0.1168837395017231,0.5794684480519803,-0.20170854840268754,0.8401445793068728,beta
Q9ReduceImpacts NatResExploit,309.67787046542406,Q1Nonprofit,-0.7440491256246962,0.3613494856964385,-2.0590845015059878,0.039486144265042974,beta
Q9ReduceImpacts NatResExploit,309.67787046542406,Q1Other,-0.2591143648980105,0.3883077215837781,-0.6672913014481637,0.5045860815303878,beta
Q9ReduceImpacts NatResExploit,309.67787046542406,Q1Private,0.05592250867098665,0.6080465035133366,0.09197077583352978,0.9267212586641448,beta
Q9ReduceImpacts NatResExploit,309.67787046542406,Q1Research,-0.6606177276035509,0.2700904360283334,-2.445913070147548,0.014448583274687652,beta
Q9ReduceImpacts NatResExploit,309.67787046542406,Q7_continentAmerica,-0.5580132173709152,0.5223548434520525,-1.068264656422461,0.2854011465867122,beta
Q9ReduceImpacts NatResExploit,309.67787046542406,Q7_continentAsia,1.1510406414365213,0.7643967791945553,1.5058156611405042,0.1321145018123503,beta
Q9ReduceImpacts NatResExploit,309.67787046542406,Q7_continentAustralia,0.6245771673353377,0.7266709014719623,0.8595048543572874,0.39006204296184227,beta
Q9ReduceImpacts NatResExploit,309.67787046542406,Q7_continentEurope,-0.11322219180701847,0.4810647044515565,-0.235357511701256,0.8139312606147588,beta
Q9MinEffectPollut,75.14284760462509,Q6>75%,-0.5816117190767086,0.3382590287648269,-1.7194270355487589,0.08553664292979277,beta
Q9MinEffectPollut,75.14284760462509,Q610-25%,-1.0516856666075478,0.35270572125672955,-2.9817652598893924,0.0028659165118828647,beta
Q9MinEffectPollut,75.14284760462509,Q625-50%,-1.1215761527395123,0.3216349961686793,-3.487108573692986,4.882730895220618e-4,beta
Q9MinEffectPollut,75.14284760462509,Q650-75%,-0.7456904257733887,0.32482058643799006,-2.2956994011700207,0.021693074719816414,beta
Q9ReduceExcessNut,213.27879676101213,Q8Diploma,-1.4785424890816763,0.6467053516869372,-2.286269141309692,0.022238518018730044,beta
Q9ReduceExcessNut,213.27879676101213,Q8Masters,-0.02109838247064255,0.3155249029436905,-0.06686756662883066,0.9466871333088888,beta
Q9ReduceExcessNut,213.27879676101213,Q8Other,0.37486874137211923,1.1140621547519232,0.3364881750745713,0.7365027671883491,beta
Q9ReduceExcessNut,213.27879676101213,Q8PhD,-0.14134397609360796,0.27684782201415,-0.5105475458152015,0.6096679136648502,beta
Q9ReduceExcessNut,213.27879676101213,Q8TechnicalSecondaryOrLess,-1.722946205550229,0.7363490012987661,-2.339849993021395,0.0192914865831847,beta
Q9ReduceLossLand,541.4501617508655,Q5>10years,-1.3689894691068498,0.6521617602212316,-2.0991563023297317,0.03580312461875995,beta
Q9ReduceLossLand,541.4501617508655,Q51-5years,-0.7141888381112884,0.6928883844943845,-1.0307415365787194,0.3026620408273056,beta
Q9ReduceLossLand,541.4501617508655,Q55-10years,-1.7102578927043321,0.6802482912993144,-2.51416712776689,0.011931387715997365,beta
Q9ReduceLossLand,541.4501617508655,Q8Diploma,0.6269953955208818,0.581239632711068,1.0787209960139774,0.28071212299432124,beta
Q9ReduceLossLand,541.4501617508655,Q8Masters,0.31791606561055724,0.3222868367455207,0.9864382573638443,0.32391809934243265,beta
Q9ReduceLossLand,541.4501617508655,Q8Other,2.4251549785044415,1.3027703368061236,1.8615368419041225,0.0626684029188495,beta
Q9ReduceLossLand,541.4501617508655,Q8PhD,0.40419368808965056,0.2924603364437966,1.382046170788449,0.16695752494059662,beta
Q9ReduceLossLand,541.4501617508655,Q8TechnicalSecondaryOrLess,-1.465747960282311,0.7189199468483612,-2.038819435610228,0.04146805183118783,beta
Q9ManageInvasives,306.4668960817696,Q6>75%,-0.772017782385881,0.3488178717855473,-2.2132403320794194,0.026881080850532087,beta
Q9ManageInvasives,306.4668960817696,Q610-25%,-1.0636915737653623,0.3550878157249635,-2.9955732826080808,0.002739294709083577,beta
Q9ManageInvasives,306.4668960817696,Q625-50%,-0.4926906124631935,0.3300876741204697,-1.4926053018368077,0.13554053471235372,beta
Q9ManageInvasives,306.4668960817696,Q650-75%,-0.538780768216646,0.34697655677819966,-1.5527872350207645,0.12047397329231661,beta
Q9ManageInvasives,306.4668960817696,Q7_continentAmerica,0.017483281640771772,0.5386281513271599,0.03245890805687302,0.9741060853688911,beta
Q9ManageInvasives,306.4668960817696,Q7_continentAsia,0.624259604739532,0.7632173951795997,0.8179315732087471,0.4133962605632619,beta
Q9ManageInvasives,306.4668960817696,Q7_continentAustralia,1.9225202711297407,0.7461618627750027,2.5765458770297087,0.009979296178122498,beta
Q9ManageInvasives,306.4668960817696,Q7_continentEurope,0.01161737297012407,0.4919959093094284,0.023612743013311555,0.9811615075311746,beta
Q11InternatPolicy,871.3009471712077,Q7_continentAmerica,-1.7962431802397787,0.6049560318281653,-2.9692127786734632,0.0029856377932486132,beta
Q11InternatPolicy,871.3009471712077,Q7_continentAsia,1.5730444480501937,1.0008468936376522,1.5717133739935456,0.11601703913020828,beta
Q11InternatPolicy,871.3009471712077,Q7_continentAustralia,0.6256011085462462,0.7693423093888306,0.8131635306047665,0.41612430571357595,beta
Q11InternatPolicy,871.3009471712077,Q7_continentEurope,0.07031115900260286,0.543505147005561,0.12936613275878225,0.8970679445989806,beta
Q11NationPolicy,641.7776682899687,Q7_continentAmerica,-0.7836048362269549,0.7154887045583808,-1.0952022460097637,0.2734280419409975,beta
Q11NationPolicy,641.7776682899687,Q7_continentAsia,-1.3860754022127022,0.9004943879112843,-1.5392382460347513,0.12374614375399387,beta
Q11NationPolicy,641.7776682899687,Q7_continentAustralia,-1.348467090483374,0.8357686957074948,-1.6134453197506635,0.10664779384875926,beta
Q11NationPolicy,641.7776682899687,Q7_continentEurope,-1.5607587699485455,0.6694582243637521,-2.33137589941759,0.019733547209888975,beta
Q11RegionPolicy,595.0932121167822,Q2FieldRanger,-1.7715635009681066,0.7369486147947075,-2.4039172683181076,0.016220443693455027,beta
Q11RegionPolicy,595.0932121167822,Q2HighManagerialRole,-1.1609766244476165,0.6218215983844402,-1.8670574123895978,0.061893570800325065,beta
Q11RegionPolicy,595.0932121167822,Q2Other,-0.9422176145986617,0.5785995009920417,-1.6284452596021533,0.10343050742229092,beta
Q11RegionPolicy,595.0932121167822,Q2Policy/Planning,-0.1022465846566064,0.6547442550931489,-0.15616262970044695,0.8759048324699115,beta
Q11RegionPolicy,595.0932121167822,Q2Researcher,-0.8467212465407173,0.5431717607120891,-1.5588462210014011,0.11903278146248383,beta
Q11RegionPolicy,595.0932121167822,Q7_continentAmerica,-0.06400203035675192,0.68562927102600435,-0.09334786751589033,0.9256272052878556,beta
Q11RegionPolicy,595.0932121167822,Q7_continentAsia,-1.6875070138960917,0.9010217644279561,-1.8728815224207842,0.06108474727493624,beta
Q11RegionPolicy,595.0932121167822,Q7_continentAustralia,-0.1436417686074915,0.8597965318686658,-0.16706483834646688,0.867319032076954,beta
Q11RegionPolicy,595.0932121167822,Q7_continentEurope,-0.8302994071784111,0.6564420949206572,-1.2648479029651012,0.20592585569034474,beta
Q11LocalPolicy,522.5128924271371,Q7_continentAmerica,0.47625623223715136,0.5483076204508551,0.8685931299760921,0.38506971346402213,beta
Q11LocalPolicy,522.5128924271371,Q7_continentAsia,-0.16158633156293079,0.8446597434669529,-0.191303460136138,0.8482878503595765,beta
Q11LocalPolicy,522.5128924271371,Q7_continentAustralia,1.695006369816052,0.825787884254663,2.052592926264504,0.04011207417650176,beta
Q11LocalPolicy,522.5128924271371,Q7_continentEurope,-0.2899461839546708,0.5170893943037667,-0.5607273851459822,0.5749833954950045,beta
Q11LocalPolicy,522.5128924271371,Q8Diploma,1.541819463899075,0.5968657246784801,2.5831931708419393,0.009789049642851308,beta
Q11LocalPolicy,522.5128924271371,Q8Masters,0.6865112835099912,0.32044044032889674,2.1423990143234204,0.03216138714838071,beta
Q11LocalPolicy,522.5128924271371,Q8Other,1.3457904324396561,1.291204273876525,1.0422753855973923,0.2972840208660407,beta
Q11LocalPolicy,522.5128924271371,Q8PhD,0.1347623442663334,0.28760903078180605,0.4685608928899404,0.6393835360166273,beta
Q11LocalPolicy,522.5128924271371,Q8TechnicalSecondaryOrLess,0.23261044080620336,0.7845858143625166,0.296475460743834,0.7668670045304443,beta
Q11CulturalMyths,1760.1635391406426,Q5>10years,-2.2277288218386726,0.8497193609945718,-2.6217230348043157,0.008748649683360966,beta
Q11CulturalMyths,1760.1635391406426,Q51-5years,-2.496400608345641,0.8817969149132869,-2.8310380384933973,0.004639720280944583,beta
Q11CulturalMyths,1760.1635391406426,Q55-10years,-2.3629020135330485,0.876424979468204,-2.696068766737807,0.007016318025662353,beta
Q11CulturalMyths,1760.1635391406426,Q7_continentAmerica,-0.7970610283975714,0.586281842801878,-1.3595185288160492,0.1739823351366393,beta
Q11CulturalMyths,1760.1635391406426,Q7_continentAsia,1.2522842625137098,0.9425308274772103,1.3286401102291683,0.18396673230297797,beta
Q11CulturalMyths,1760.1635391406426,Q7_continentAustralia,0.09013596799817827,0.7678315939631655,0.11739028285218267,0.9065507839931066,beta
Q11CulturalMyths,1760.1635391406426,Q7_continentEurope,-0.05320870887842169,0.5383380403914171,-0.09883884267166868,0.9212662274804182,beta
Q11LocalChampions,1225.4188382593195,Q5>10years,-1.0676504382732086,0.667968017545396,-1.5983556251638196,0.10996385439656471,beta
Q11LocalChampions,1225.4188382593195,Q51-5years,-0.4968076266090456,0.7047574107096095,-0.7049342356099776,0.4808511634841411,beta
Q11LocalChampions,1225.4188382593195,Q55-10years,-1.5522026481764384,0.7037484623431837,-2.2056213707498022,0.027410521474654777,beta
Q11LocalChampions,1225.4188382593195,Q7_continentAmerica,-0.14415019097410703,0.605672553607536,-0.23800020343585443,0.8118809364167539,beta
Q11LocalChampions,1225.4188382593195,Q7_continentAsia,-1.5554250106456748,0.8582856728040685,-1.8122462717617225,0.06994815228370906,beta
Q11LocalChampions,1225.4188382593195,Q7_continentAustralia,-0.13929690426429153,0.7478315875381939,-0.18626774608818894,0.8522347996912663,beta
Q11LocalChampions,1225.4188382593195,Q7_continentEurope,-1.4754877059474476,0.5689298784286004,-2.5934438704867886,0.00950200479775506,beta
Q11AvailableEquipment-Staff,495.963359908806,Q7_continentAmerica,-0.5188934282030916,0.6451147163965123,-0.8043428788937436,0.42119898034215225,beta
Q11AvailableEquipment-Staff,495.963359908806,Q7_continentAsia,-0.8728036015104226,0.8408311110980378,-1.0380248661001994,0.29925847856326815,beta
Q11AvailableEquipment-Staff,495.963359908806,Q7_continentAustralia,-0.8135236815535447,0.8006264338595566,-1.0161089456312538,0.3095775096151469,beta
Q11AvailableEquipment-Staff,495.963359908806,Q7_continentEurope,-1.3637562580895892,0.6048501696578613,-2.2547009598443357,0.024152105377901207,beta
Q14A_SM_EffectivelyProtected,484.32530060869493,Q7_continentAmerica,0.15801189178466324,0.5338119417637405,0.2960066634376599,0.7672249926311507,beta
Q14A_SM_EffectivelyProtected,484.32530060869493,Q7_continentAsia,0.7871654599043474,0.7970656458528074,0.987579208814266,0.32335877287379383,beta
Q14A_SM_EffectivelyProtected,484.32530060869493,Q7_continentAustralia,0.620140436480275,0.7351410887750882,0.8435665560655432,0.39891165941717327,beta
Q14A_SM_EffectivelyProtected,484.32530060869493,Q7_continentEurope,1.4435413322599284,0.4953506013656593,2.914181043245229,0.0035662302367006618,beta
Q14A_SM_ImpactedSLR,333.88055768777826,Q1Nonprofit,-0.08321921046021334,0.3819936310144954,-0.21785496852185854,0.827542114300833,beta
Q14A_SM_ImpactedSLR,333.88055768777826,Q1Other,-0.6494244561437349,0.4163676703402755,-1.559737948945446,0.1188218203359124,beta
Q14A_SM_ImpactedSLR,333.88055768777826,Q1Private,-1.4282308183297034,0.6032587456139789,-2.3675260884549507,0.017907457472471237,beta
Q14A_SM_ImpactedSLR,333.88055768777826,Q1Research,-0.4760906972873237,0.2738376668580154,-1.7385873271195242,0.08210737724581392,beta
Q14A_SM_ImpactedSLR,333.88055768777826,Q7_continentAmerica,0.4680364448708322,0.6185500564772817,0.7566670473467533,0.4492493617021371,beta
Q14A_SM_ImpactedSLR,333.88055768777826,Q7_continentAsia,-0.5003652078797752,0.83544452001487,-0.5989209287899444,0.5492256143646658,beta
Q14A_SM_ImpactedSLR,333.88055768777826,Q7_continentAustralia,1.0242500608317275,0.9590070031373734,1.068031888694152,0.28550612758485727,beta
Q14A_SM_ImpactedSLR,333.88055768777826,Q7_continentEurope,-0.6510293616711221,0.5638251881464016,-1.154665267458887,0.2482275279317657,beta
Q14A_SM_UndervalResource,498.7828219566591,Q7_continentAmerica,-0.5961957545630671,0.7106860389958406,-0.8389017397970251,0.40152445142639726,beta
Q14A_SM_UndervalResource,498.7828219566591,Q7_continentAsia,-2.1475039120175845,0.9571108366618014,-2.2437358660650215,0.024849401003133185,beta
Q14A_SM_UndervalResource,498.7828219566591,Q7_continentAustralia,0.08919964720259695,1.0289327585329593,0.08669142513236414,0.9309167925098679,beta
Q14A_SM_UndervalResource,498.7828219566591,Q7_continentEurope,-1.1452770261670537,0.6708230598799955,-1.7072714023455515,0.08777161893309716,beta
Q14A_SM_UndervalResource,498.7828219566591,Q8Diploma,-1.0635138700831042,0.6344417974657992,-1.6762985577734337,0.09367972728201333,beta
Q14A_SM_UndervalResource,498.7828219566591,Q8Masters,-0.0813965137960919,0.33564446375832396,-0.24250813758304773,0.8083864521404749,beta
Q14A_SM_UndervalResource,498.7828219566591,Q8Other,-1.8470886527694814,1.16989796115657,-1.5788459456271173,0.1143713970477385,beta
Q14A_SM_UndervalResource,498.7828219566591,Q8PhD,0.4792708264213146,0.3116215221750033,1.5379901332750736,0.12405102727976552,beta
Q14A_SM_UndervalResource,498.7828219566591,Q8TechnicalSecondaryOrLess,-0.37343282859265214,0.6587673448322363,-0.566866028685365,0.5708052060365776,beta
Q14A_SM_CCmeansNeed4Mngmnt,933.5821373045623,Q6>75%,1.2302965848035543,0.3894365933433549,3.1591704678836834,0.0015821891568972189,beta
Q14A_SM_CCmeansNeed4Mngmnt,933.5821373045623,Q610-25%,1.428605133644372,0.39515394985713237,3.6153128019114655,2.9998518267408946e-4,beta
Q14A_SM_CCmeansNeed4Mngmnt,933.5821373045623,Q625-50%,0.6383010813315075,0.3298039485149564,1.935395510592442,0.05294177980819364,beta
Q14A_SM_CCmeansNeed4Mngmnt,933.5821373045623,Q650-75%,0.6508617771247395,0.35405449996804844,1.838309574326767,0.06601680108508935,beta
Q14A_SM_CCmeansNeed4Mngmnt,933.5821373045623,Q7_continentAmerica,-0.9637399328194688,0.7315224972268345,-1.3174440109128005,0.18768983679894727,beta
Q14A_SM_CCmeansNeed4Mngmnt,933.5821373045623,Q7_continentAsia,-1.2443130962293663,0.9747933607913634,-1.2764890963344269,0.201782678793869,beta
Q14A_SM_CCmeansNeed4Mngmnt,933.5821373045623,Q7_continentAustralia,-0.9201976377736326,0.9537940428557935,-0.9647760380411179,0.3346570002739618,beta
Q14A_SM_CCmeansNeed4Mngmnt,933.5821373045623,Q7_continentEurope,-1.934238144674108,0.6809541943471531,-2.8404820188067244,0.00450454123602144,beta
Q14A_SM_CCmeansNeed4Mngmnt,933.5821373045623,Q8Diploma,-0.16659277535720696,0.569604209003248,-0.2924711101568721,0.7699264454585926,beta
Q14A_SM_CCmeansNeed4Mngmnt,933.5821373045623,Q8Masters,-1.1210427498382438,0.34455672715349145,-3.2535796328795725,0.0011396077937376693,beta
Q14A_SM_CCmeansNeed4Mngmnt,933.5821373045623,Q8Other,-3.29631978714124,1.3808310121434286,-2.3871999963445543,0.016977252730595655,beta
Q14A_SM_CCmeansNeed4Mngmnt,933.5821373045623,Q8PhD,-0.6561488868784118,0.324868960949842,-2.01973400278064,0.04341098608321995,beta
Q14A_SM_CCmeansNeed4Mngmnt,933.5821373045623,Q8TechnicalSecondaryOrLess,-1.3140836428887699,0.6901752298763805,-1.9039855184662882,0.05691207024033405,beta
Q14A_CCPositiveCoast,312.5229002607772,Q7_continentAmerica,-0.6174416118368398,0.5846324598342513,-1.0561192787890878,0.29091372355554007,beta
Q14A_CCPositiveCoast,312.5229002607772,Q7_continentAsia,1.393939935818875,0.9025725015253488,1.5444077162367726,0.1224895919121107,beta
Q14A_CCPositiveCoast,312.5229002607772,Q7_continentAustralia,0.06797195672827468,0.7681288632678075,0.08849030413869022,0.9294869902850147,beta
Q14A_CCPositiveCoast,312.5229002607772,Q7_continentEurope,0.27208080550502217,0.5486897516709262,0.495873678479421,0.619983537950786,beta
Q14A_SM_ImpactedUrbanDev,1029.3921120897853,Q1Nonprofit,0.27193461536692154,0.3829341562174579,0.7101341339018535,0.47762096094925616,beta
Q14A_SM_ImpactedUrbanDev,1029.3921120897853,Q1Other,-0.5603357088256287,0.42253530182107224,-1.3261275600184281,0.18479744870331696,beta
Q14A_SM_ImpactedUrbanDev,1029.3921120897853,Q1Private,-0.8671374960348446,0.5444084087823746,-1.592806947957117,0.11120350599068068,beta
Q14A_SM_ImpactedUrbanDev,1029.3921120897853,Q1Research,0.7032192183744205,0.2874130535424064,2.4467198330317443,0.014416285236435046,beta
Q14A_SM_ImpactedUrbanDev,1029.3921120897853,Q7_continentAmerica,-1.07533326190918,1.0894415632793097,-0.9870499695939059,0.3236181424915825,beta
Q14A_SM_ImpactedUrbanDev,1029.3921120897853,Q7_continentAsia,-1.7797726280355166,1.261271829587824,-1.4110936170017652,0.15821701185812345,beta
Q14A_SM_ImpactedUrbanDev,1029.3921120897853,Q7_continentAustralia,-0.8429497328665317,1.313271211318809,-0.6418702592437304,0.5209574260915644,beta
Q14A_SM_ImpactedUrbanDev,1029.3921120897853,Q7_continentEurope,-2.842836203974384,1.0539275381986037,-2.6973734919512804,0.006988883441842502,beta
Q14A_Need2ConserveSMinPolicy,374.2351855780887,Q7_continentAmerica,-0.21221770582604282,0.5562883380875636,-0.38148868364851163,0.702840666644676,beta
Q14A_Need2ConserveSMinPolicy,374.2351855780887,Q7_continentAsia,1.3962956557998725,0.8675843493301786,1.6094062287752047,0.1075275441857958,beta
Q14A_Need2ConserveSMinPolicy,374.2351855780887,Q7_continentAustralia,0.08981067940347913,0.7793559630465647,0.11523704656393724,0.9082572353480609,beta
Q14A_Need2ConserveSMinPolicy,374.2351855780887,Q7_continentEurope,0.46992510972086743,0.5178021353930318,0.9075379910594153,0.3641223686820716,beta
Q14A_LackResources4SMconserv,41.82200708794342,Q1Nonprofit,0.5185253353034911,0.3599425780964912,1.4405779334182798,0.1497039582143941,beta
Q14A_LackResources4SMconserv,41.82200708794342,Q1Other,-0.059290338266795965,0.4013367762957666,-0.14773213363108725,0.8825541709094502,beta
Q14A_LackResources4SMconserv,41.82200708794342,Q1Private,-1.156746391220869,0.5601937363986714,-2.0649041859290813,0.038932066960466596,beta
Q14A_LackResources4SMconserv,41.82200708794342,Q1Research,0.42015262803394954,0.2655319701937532,1.5823052407865346,0.11357990492447465,beta
Q14A_Need2ImproveMonitorSM,244.28893471155683,Q7_continentAmerica,0.04183653764858774,0.5804889487271883,0.07207120435336592,0.9425452422120617,beta
Q14A_Need2ImproveMonitorSM,244.28893471155683,Q7_continentAsia,0.2888942351908826,0.8748245293083622,0.33023106407325237,0.7412253764501162,beta
Q14A_Need2ImproveMonitorSM,244.28893471155683,Q7_continentAustralia,-0.16009097072606412,0.785323687897488,-0.20385348512110787,0.8384679952177623,beta
Q14A_Need2ImproveMonitorSM,244.28893471155683,Q7_continentEurope,-1.1030362634302424,0.5381277795632514,-2.0497664408358087,0.04038722791450733,beta
Q14A_need4holisticApp,168.94251692547843,Q8Diploma,-0.9075303012258149,0.6126328290356484,-1.4813608710038728,0.13851043579598013,beta
Q14A_need4holisticApp,168.94251692547843,Q8Masters,-0.018985155372370218,0.33677371429208736,-0.056373625870052894,0.9550441670409672,beta
Q14A_need4holisticApp,168.94251692547843,Q8Other,0.1345872576570907,1.342152689349308,0.10027715827350481,0.9201242911325456,beta
Q14A_need4holisticApp,168.94251692547843,Q8PhD,0.6429279507204765,0.3087725142957957,2.08220589901525,0.03732366669021447,beta
Q14A_need4holisticApp,168.94251692547843,Q8TechnicalSecondaryOrLess,-0.07166087693653728,0.7258554665810864,-0.09872609663473815,0.9213557479659099,beta
Q14A_restoringSedInputsCrucial,60.329911725414156,Q1Nonprofit,-0.4741452706270904,0.348860349554712,-1.359126284291961,0.17410657516182598,beta
Q14A_restoringSedInputsCrucial,60.329911725414156,Q1Other,-1.4595588467640335,0.419368204126418,-3.480375556378736,5.007113712757859e-4,beta
Q14A_restoringSedInputsCrucial,60.329911725414156,Q1Private,-0.5654297564637709,0.5342413067286836,-1.0583789559928702,0.28988270954192363,beta
Q14A_restoringSedInputsCrucial,60.329911725414156,Q1Research,0.027460271730406216,0.2656518003270193,0.10336941702108708,0.917669783774584,beta
Q15,599.9854010626905,Q2FieldRanger,1.226130284715966,0.6767250950111127,1.8118587499637966,0.07000802456273797,beta
Q15,599.9854010626905,Q2HighManagerialRole,0.2796331789273835,0.5959716331142698,0.46920551816560613,0.6389227415580544,beta
Q15,599.9854010626905,Q2Other,0.5579974655123395,0.5230556495138953,1.0668032474764733,0.28606069182943505,beta
Q15,599.9854010626905,Q2Policy/Planning,1.4577655042342532,0.5922689775451296,2.461323418080216,0.013842552005673968,beta
Q15,599.9854010626905,Q2Researcher,0.43233404359865324,0.49066171161425665,0.8811244761208128,0.37825045083961545,beta
Q15,599.9854010626905,Q5>10years,0.007956539186183043,0.5590409222560832,0.014232480788836321,0.9886445066860544,beta
Q15,599.9854010626905,Q51-5years,0.8308608176660964,0.6095691408695141,1.3630296580973948,0.17287316376434436,beta
Q15,599.9854010626905,Q55-10years,0.3957516759485309,0.5931732451473587,0.6671772187739461,0.5046589409092246,beta
Q18SMimportFoodProvision,375.0775314675428,Q7_continentAmerica,0.7485800717362456,0.6021636066050021,1.2431506380080646,0.21381232862858254,beta
Q18SMimportFoodProvision,375.0775314675428,Q7_continentAsia,1.6885674579711514,0.9095019542239471,1.8565847496303176,0.0633702552894764,beta
Q18SMimportFoodProvision,375.0775314675428,Q7_continentAustralia,0.37480502353054607,0.8203823536417437,0.45686626713355816,0.6477671714211363,beta
Q18SMimportFoodProvision,375.0775314675428,Q7_continentEurope,-0.41492370076275764,0.561502937348228,-0.7389519683054372,0.45993616404022114,beta
Q18SMprotectFlood,155.74593232017443,Q1Nonprofit,-0.6984426028665873,0.39504748632586384,-1.7679965752027622,0.07706147620786982,beta
Q18SMprotectFlood,155.74593232017443,Q1Other,0.5251687835773887,0.5516732672459974,0.9519561935619584,0.34111919889268383,beta
Q18SMprotectFlood,155.74593232017443,Q1Private,-1.077390357367947,0.5775069694126979,-1.8655884940464202,0.062098960628801506,beta
Q18SMprotectFlood,155.74593232017443,Q1Research,-0.7837340918839595,0.3255097812562993,-2.4077128768885268,0.016052800398510397,beta
Q18SMprotectFlood,155.74593232017443,Q8Diploma,-1.237849389038951,0.651117151449842,-1.9011162373508868,0.05728678924320947,beta
Q18SMprotectFlood,155.74593232017443,Q8Masters,-0.4449627447888799,0.36523869481117355,-1.2182793091485646,0.22311785006671073,beta
Q18SMprotectFlood,155.74593232017443,Q8Other,-1.5281401615718704,1.1849342238095066,-1.2896413411530752,0.19717521487241524,beta
Q18SMprotectFlood,155.74593232017443,Q8PhD,-0.15337437653775252,0.368230762438701,-0.4165170110231749,0.6770317222321655,beta
Q18SMprotectFlood,155.74593232017443,Q8TechnicalSecondaryOrLess,-2.012968100352303,0.7519021079390463,-2.677167784340732,0.007424744332479529,beta
Q18SMplantsValResource,282.56760106147544,Q7_continentAmerica,0.021472463365977218,0.6164082123833479,0.03483481065729761,0.9722114625767954,beta
Q18SMplantsValResource,282.56760106147544,Q7_continentAsia,0.22231586446737905,1.0111560198196636,0.21986306772621336,0.8259778001938188,beta
Q18SMplantsValResource,282.56760106147544,Q7_continentAustralia,-0.44946357983704455,0.8747371767593783,-0.5138270005879519,0.6073729486573061,beta
Q18SMplantsValResource,282.56760106147544,Q7_continentEurope,-1.3050023707389837,0.5732849455347059,-2.2763590443174837,0.022824528849227508,beta
Q18SMprovideFoodFish,485.6594131235084,Q7_continentAmerica,0.074777103350182,0.7411415589378577,0.10089449505077858,0.9196342131224873,beta
Q18SMprovideFoodFish,485.6594131235084,Q7_continentAsia,0.4617710672702719,1.2674486866271442,0.3643311734371736,0.7156107241196941,beta
Q18SMprovideFoodFish,485.6594131235084,Q7_continentAustralia,-0.10876217676476198,1.0313761885221695,-0.10545344945436863,0.9160160059169564,beta
Q18SMprovideFoodFish,485.6594131235084,Q7_continentEurope,-1.2972834370333413,0.6806664685269787,-1.9059017845271198,0.05666294949413529,beta
Q18SMprovideFoodFish,485.6594131235084,Q8Diploma,-0.7537060629037957,0.6384747823003072,-1.180478984915162,0.23780976387568967,beta
Q18SMprovideFoodFish,485.6594131235084,Q8Masters,-1.0066369661355508,0.362493690689983,-2.7769778950344852,0.005486691029580775,beta
Q18SMprovideFoodFish,485.6594131235084,Q8Other,-1.6332528073363828,1.2022184193666394,-1.3585325104208799,0.1742947739056977,beta
Q18SMprovideFoodFish,485.6594131235084,Q8PhD,-0.37687316255606257,0.33655479299712315,-1.1197973417638538,0.26280013232146315,beta
Q18SMprovideFoodFish,485.6594131235084,Q8TechnicalSecondaryOrLess,-1.2942952265569727,0.6972992577349104,-1.8561546024892228,0.0634315247681399,beta
Q18SMpreventErosion.,409.3284077510325,Q7_continentAmerica,-0.009149103092290545,0.7230490366779103,-0.012653502913615122,0.9899042347932773,beta
Q18SMpreventErosion.,409.3284077510325,Q7_continentAsia,-0.46812565290997366,1.0659082844733903,-0.4391800492865577,0.6605310799048016,beta
Q18SMpreventErosion.,409.3284077510325,Q7_continentAustralia,-0.49982334601811995,0.9524830369404151,-0.524758265116891,0.5997512475991621,beta
Q18SMpreventErosion.,409.3284077510325,Q7_continentEurope,-1.1547075024148903,0.666703027559073,-1.7319667898351907,0.08327947560633292,beta
Q18SMimportantHabitats,147.7295129139323,Q1Nonprofit,-0.14627047567664772,0.5523621670903848,-0.2648090046556592,0.7911565997529353,beta
Q18SMimportantHabitats,147.7295129139323,Q1Other,0.14296733040326326,0.7082121749382668,0.20187076057500053,0.8400177611407207,beta
Q18SMimportantHabitats,147.7295129139323,Q1Private,-1.9158623273978912,0.6254989843358261,-3.0629343538138794,0.002191781354577494,beta
Q18SMimportantHabitats,147.7295129139323,Q1Research,-0.9066728393666534,0.4481125185696861,-2.0233151313438626,0.043040667829953264,beta
Q18SMimportantHabitats,147.7295129139323,Q8Diploma,-2.7214003448403137,0.7230812574916476,-3.7636162141455434,1.674738434883632e-4,beta
Q18SMimportantHabitats,147.7295129139323,Q8Masters,-0.3299794087750788,0.5027292695857849,-0.6563759636413444,0.5115822519560602,beta
Q18SMimportantHabitats,147.7295129139323,Q8Other,-1.8634695139015767,1.384202091177947,-1.3462409324318938,0.178224828254475,beta
Q18SMimportantHabitats,147.7295129139323,Q8PhD,0.1230589939725003,0.528644759505479,0.23278201809399549,0.8159306768720073,beta
Q18SMimportantHabitats,147.7295129139323,Q8TechnicalSecondaryOrLess,-1.2546269278900335,0.931519151963745,-1.3468611195434272,0.17802496566997583,beta
Q18SMimproveWQual,317.6815687242317,Q6>75%,1.2184771858070012,0.39986398137593704,3.0472291643128386,0.002309615547433501,beta
Q18SMimproveWQual,317.6815687242317,Q610-25%,0.7448641696746969,0.3733472500404846,1.9950975120184393,0.046032245671814506,beta
Q18SMimproveWQual,317.6815687242317,Q625-50%,0.29879559464347644,0.3486218930391011,0.8570763931052482,0.3914026667409143,beta
Q18SMimproveWQual,317.6815687242317,Q650-75%,0.5139297516046419,0.35134452988490533,1.4627515384201282,0.14353537802479566,beta
Q18SMimproveWQual,317.6815687242317,Q7_continentAmerica,-0.2411084292771767,0.6725510675242932,-0.3584983221641644,0.7199704232793548,beta
Q18SMimproveWQual,317.6815687242317,Q7_continentAsia,-0.10145484980468326,1.0285030056572637,-0.09864322150410115,0.9214215515522781,beta
Q18SMimproveWQual,317.6815687242317,Q7_continentAustralia,-1.020122817013435,0.8651317556782012,-1.17915312935627,0.23833720589673238,beta
Q18SMimproveWQual,317.6815687242317,Q7_continentEurope,-1.7854402886461282,0.6159855687408494,-2.8985099314839284,0.003749404339402961,beta
Q18SMimportantHWellB,262.13659023979693,Q7_continentAmerica,-0.035532126048618946,0.6178066670492421,-0.057513341865226046,0.9541362784294456,beta
Q18SMimportantHWellB,262.13659023979693,Q7_continentAsia,-0.27324121153135095,0.9399504819395794,-0.2906974535164024,0.7712827193376601,beta
Q18SMimportantHWellB,262.13659023979693,Q7_continentAustralia,-1.0809244568835794,0.8043771509725142,-1.343803035151747,0.17901208777680275,beta
Q18SMimportantHWellB,262.13659023979693,Q7_continentEurope,-1.3664412388131986,0.5782740253093246,-2.3629649249458775,0.01812938536083904,beta
Q18SMvaluableRecreat,342.672505529968,Q7_continentAmerica,0.16645819893124988,0.6258934968263684,0.2659529133555253,0.790275473051637,beta
Q18SMvaluableRecreat,342.672505529968,Q7_continentAsia,0.5418995004721926,0.9985629120407151,0.5426793784727479,0.5873505748902934,beta
Q18SMvaluableRecreat,342.672505529968,Q7_continentAustralia,-1.5804691398150894,0.849993560936047,-1.859389544168562,0.06297194277915813,beta
Q18SMvaluableRecreat,342.672505529968,Q7_continentEurope,-1.1679638670844963,0.5907156107094005,-1.9772016278389333,0.04801884369087144,beta
Q18SMvaluableRecreat,342.672505529968,Q8Diploma,0.5366613940159232,0.6001322811247303,0.894238505234456,0.3711942943585404,beta
Q18SMvaluableRecreat,342.672505529968,Q8Masters,0.11048594773034011,0.331177373870779,0.3336156285044106,0.7386696234650234,beta
Q18SMvaluableRecreat,342.672505529968,Q8Other,-3.5378207623874047,1.4127149777820434,-2.5042707255371277,0.012270410395966337,beta
Q18SMvaluableRecreat,342.672505529968,Q8PhD,0.21702700508322936,0.30083340323760377,0.7214192398435803,0.47065161261262034,beta
Q18SMvaluableRecreat,342.672505529968,Q8TechnicalSecondaryOrLess,-1.6178619146289672,0.6614028699722665,-2.446106583566543,0.014440830324211888,beta
Q18SMimportantCulture,279.8622120502184,Q1Nonprofit,-0.03043958580190323,0.3787525416056978,-0.08036800406105923,0.9359445736258235,beta
Q18SMimportantCulture,279.8622120502184,Q1Other,0.74313623156272,0.4432951517092507,1.676391516346043,0.0936615295632334,beta
Q18SMimportantCulture,279.8622120502184,Q1Private,-1.3328522472405775,0.5832984964776026,-2.2850260291931956,0.022311301553808074,beta
Q18SMimportantCulture,279.8622120502184,Q1Research,-0.7757763541305776,0.3222171036829398,-2.407620034018858,0.01605688281160966,beta
Q18SMimportantCulture,279.8622120502184,Q5>10years,-0.8388147353782515,0.5699267179136461,-1.4717940202012894,0.1410765088954305,beta
Q18SMimportantCulture,279.8622120502184,Q51-5years,-0.012526744555402309,0.6038573563998797,-0.020744542436454128,0.9834494369281774,beta
Q18SMimportantCulture,279.8622120502184,Q55-10years,-0.49027633716214897,0.6016529397238798,-0.8148823097035883,0.41513968014049274,beta
Q18SMimportantCulture,279.8622120502184,Q8Diploma,-0.5416512459763848,0.6591906345736317,-0.8216913553796588,0.41125258039210877,beta
Q18SMimportantCulture,279.8622120502184,Q8Masters,-0.2118319503743876,0.3354705465215907,-0.6314472390223808,0.5277481368743909,beta
Q18SMimportantCulture,279.8622120502184,Q8Other,-1.8824708846171698,1.1211667538855519,-1.6790284568225178,0.09314649789667202,beta
Q18SMimportantCulture,279.8622120502184,Q8PhD,0.7555489651294199,0.3492287710597092,2.163478578344968,0.03050438960041302,beta
Q18SMimportantCulture,279.8622120502184,Q8TechnicalSecondaryOrLess,-0.874409013526308,0.7567345336215435,-1.1555029864192976,0.24788451036470688,beta
Q18SMimportantArt,234.03392638121284,Q7_continentAmerica,0.8913377516381975,0.5620775358333057,1.5857914519155236,0.11278662542419295,beta
Q18SMimportantArt,234.03392638121284,Q7_continentAsia,0.7337492621120535,0.8302380906882298,0.8837817372409504,0.3768140468257475,beta
Q18SMimportantArt,234.03392638121284,Q7_continentAustralia,-0.3149650625212301,0.8030168083372649,-0.39222723516012087,0.6948903223706258,beta
Q18SMimportantArt,234.03392638121284,Q7_continentEurope,0.04000765309659792,0.5199920606460278,0.07693896911982312,0.9386720965358434,beta
Q18SMimportantSensePlace,116.43723340499838,Q1Nonprofit,-0.03328131674057984,0.38077936011868585,-0.08740315318090329,0.9303510630967001,beta
Q18SMimportantSensePlace,116.43723340499838,Q1Other,0.6629781106055747,0.43713689980208353,1.5166372614751629,0.12935829230026374,beta
Q18SMimportantSensePlace,116.43723340499838,Q1Private,-0.8227215710820511,0.5849954952517153,-1.4063724896343786,0.1596135449103698,beta
Q18SMimportantSensePlace,116.43723340499838,Q1Research,-0.5240444490844094,0.3094337574661223,-1.693559401455361,0.0903490382200821,beta
Q18SMimportantSensePlace,116.43723340499838,Q8Diploma,-0.5852892206726216,0.6811652756016353,-0.8592470016262473,0.39020425707567663,beta
Q18SMimportantSensePlace,116.43723340499838,Q8Masters,-0.1660135162159755,0.3289135215167326,-0.50473302359365,0.6137463631655231,beta
Q18SMimportantSensePlace,116.43723340499838,Q8Other,-2.1575591190305285,1.0900728221471536,-1.979279801491345,0.04778451243344954,beta
Q18SMimportantSensePlace,116.43723340499838,Q8PhD,0.6319747183438067,0.3441184737931081,1.8365033163658755,0.06628325207047125,beta
Q18SMimportantSensePlace,116.43723340499838,Q8TechnicalSecondaryOrLess,-0.7765234597174565,0.7756291359254558,-1.0011530301668383,0.31675283046801006,beta
Q18SMimportantReligion,201.53172252889547,Q7_continentAmerica,0.3349336046605824,0.55858402682236,0.5996118552940604,0.5487649443484257,beta
Q18SMimportantReligion,201.53172252889547,Q7_continentAsia,0.44383574349960914,0.8246128916184531,0.5382352713750335,0.5904146322604853,beta
Q18SMimportantReligion,201.53172252889547,Q7_continentAustralia,0.7486955761590967,0.740372335063338,1.0112419666451296,0.31190063429105747,beta
Q18SMimportantReligion,201.53172252889547,Q7_continentEurope,-1.0356086585390731,0.515530334740829,-2.008821962066891,0.04455601827602944,beta
Q19Tourism,358.7792586816266,Q7_continentAmerica,-0.4853384152223634,0.6014913437284671,-0.8068917704017051,0.419728840572955,beta
Q19Tourism,358.7792586816266,Q7_continentAsia,-0.03125601468852231,0.8991461065132078,-0.03476188626310109,0.9722696126066931,beta
Q19Tourism,358.7792586816266,Q7_continentAustralia,-1.7830546176613618,0.790784623891559,-2.2547917141923004,0.024146405615385495,beta
Q19Tourism,358.7792586816266,Q7_continentEurope,-1.1082967125561554,0.5664225154794605,-1.9566607651851793,0.05038736565482615,beta
Q19CoastalProtection,116.14103421673907,Q6>75%,0.21454402525886968,0.4434864063411187,0.48376685776891154,0.6285513384347574,beta
Q19CoastalProtection,116.14103421673907,Q610-25%,-0.26218544989795844,0.412761833743329,-0.6351978997675336,0.5252993528591766,beta
Q19CoastalProtection,116.14103421673907,Q625-50%,-0.5919735473038525,0.3782763643733053,-1.564923434443444,0.11760086313871482,beta
Q19CoastalProtection,116.14103421673907,Q650-75%,-0.8945391791236745,0.3613754168568057,-2.4753736347210746,0.013309685248579317,beta
Q19Habitats,345808385371.49396,Q1Nonprofit,21.17354115786345,NA,NA,NA,beta
Q19Habitats,345808385371.49396,Q1Other,0.5383301989493622,NA,NA,NA,beta
Q19Habitats,345808385371.49396,Q1Private,-1.3467224801398479,NA,NA,NA,beta
Q19Habitats,345808385371.49396,Q1Research,-0.06440954364276387,NA,NA,NA,beta
Q19Habitats,345808385371.49396,Q7_continentAmerica,-21.596721514617553,NA,NA,NA,beta
Q19Habitats,345808385371.49396,Q7_continentAsia,-22.343533072380726,NA,NA,NA,beta
Q19Habitats,345808385371.49396,Q7_continentAustralia,-22.793559339876307,NA,NA,NA,beta
Q19Habitats,345808385371.49396,Q7_continentEurope,-20.863202940935743,NA,NA,NA,beta
Q19ReducePollution,817.7198922104628,Q5>10years,-1.3718132745566611,0.7424543448985265,-1.84767357613639,0.06464957877184037,beta
Q19ReducePollution,817.7198922104628,Q51-5years,-0.5828314057930483,0.7760573589357445,-0.7510158870116522,0.4526430946739728,beta
Q19ReducePollution,817.7198922104628,Q55-10years,-1.010379196753391,0.7689135649985205,-1.3140348184068456,0.1888344873092971,beta
Q19ReducePollution,817.7198922104628,Q7_continentAmerica,-1.534742484692954,0.8104169725952157,-1.8937689320328708,0.058255687120563185,beta
Q19ReducePollution,817.7198922104628,Q7_continentAsia,-1.5988630448934427,1.172062483785393,-1.3641448873353732,0.17252196974792172,beta
Q19ReducePollution,817.7198922104628,Q7_continentAustralia,-2.5920205964481178,0.9263896019002336,-2.7979810990228087,0.005142312171990906,beta
Q19ReducePollution,817.7198922104628,Q7_continentEurope,-2.865404545805255,0.7804511524459946,-3.671471990046852,2.4115751141345543e-4,beta
Q19HealthWB,285.6774546017902,Q7_continentAmerica,-0.4550092486624475,0.5262987287706137,-0.8645455969945207,0.3872882434357359,beta
Q19HealthWB,285.6774546017902,Q7_continentAsia,-0.6223785297298199,0.8732964324542368,-0.712677284139065,0.47604547614637194,beta
Q19HealthWB,285.6774546017902,Q7_continentAustralia,-1.6564107870026636,0.7217799879927774,-2.2948970802155833,0.021739023186332033,beta
Q19HealthWB,285.6774546017902,Q7_continentEurope,-1.3514939595747864,0.49850301268544556,-2.711104898432332,0.0067059407535694565,beta
Q19HealthWB,285.6774546017902,Q8Diploma,-0.28036404596232517,0.5782640296694239,-0.48483742992383744,0.6277916694163657,beta
Q19HealthWB,285.6774546017902,Q8Masters,-1.21311985047594,0.33320976712587946,-3.640709157296849,2.718881326809927e-4,beta
Q19HealthWB,285.6774546017902,Q8Other,-2.6867079176048025,1.065220745781077,-2.5222076534331523,0.011662084239360295,beta
Q19HealthWB,285.6774546017902,Q8PhD,-0.8250444034374691,0.2934276717858551,-2.811747093980933,0.0049273228704734134,beta
Q19HealthWB,285.6774546017902,Q8TechnicalSecondaryOrLess,-0.4165651510727795,0.7010138288912585,-0.594232430095751,0.5523566649971317,beta
Q19Agriculture,418.00789919644865,Q5>10years,-0.5717579548173971,0.5524933945500453,-1.0348683992557792,0.3007303742927335,beta
Q19Agriculture,418.00789919644865,Q51-5years,0.2187033975239069,0.5853838447103488,0.3736068214047188,0.7086968581376166,beta
Q19Agriculture,418.00789919644865,Q55-10years,0.03625304994610341,0.5890266312444395,0.06154738686349616,0.9509232766505913,beta
Q19Agriculture,418.00789919644865,Q7_continentAmerica,0.10924506311096804,0.506059579508701,0.21587391590734573,0.8290860298057489,beta
Q19Agriculture,418.00789919644865,Q7_continentAsia,2.855678066024468,0.8723879867846869,3.2734037025767466,0.001062605912862102,beta
Q19Agriculture,418.00789919644865,Q7_continentAustralia,-0.1486241869268195,0.7687849069139471,-0.19332349736602666,0.8467056251947355,beta
Q19Agriculture,418.00789919644865,Q7_continentEurope,1.5591768637245031,0.4616663068831696,3.3772810371432893,7.320621203836478e-4,beta
Q19Landscape,61714113860.48693,Q8Diploma,20.890191778672868,NA,NA,NA,beta
Q19Landscape,61714113860.48693,Q8Masters,-0.4036757114518465,NA,NA,NA,beta
Q19Landscape,61714113860.48693,Q8Other,-3.594522401221288,NA,NA,NA,beta
Q19Landscape,61714113860.48693,Q8PhD,-0.8833161999758907,NA,NA,NA,beta
Q19Landscape,61714113860.48693,Q8TechnicalSecondaryOrLess,20.890191778672857,NA,NA,NA,beta
Q19NurseryFish,142871339844.69962,Q7_continentAmerica,0.8908555077004005,NA,NA,NA,beta
Q19NurseryFish,142871339844.69962,Q7_continentAsia,20.214848635319846,NA,NA,NA,beta
Q19NurseryFish,142871339844.69962,Q7_continentAustralia,-0.5698583749056787,NA,NA,NA,beta
Q19NurseryFish,142871339844.69962,Q7_continentEurope,-0.9715406080362207,NA,NA,NA,beta
Q19NurseryFish,142871339844.69962,Q8Diploma,-1.9021811326809128,NA,NA,NA,beta
Q19NurseryFish,142871339844.69962,Q8Masters,-0.8493509937761806,NA,NA,NA,beta
Q19NurseryFish,142871339844.69962,Q8Other,20.58495792611316,NA,NA,NA,beta
Q19NurseryFish,142871339844.69962,Q8PhD,-0.6789101147480862,NA,NA,NA,beta
Q19NurseryFish,142871339844.69962,Q8TechnicalSecondaryOrLess,0.5437305045534665,NA,NA,NA,beta
Q19Pollination,20149883933.85731,Q5>10years,-0.44718804108671356,NA,NA,NA,beta
Q19Pollination,20149883933.85731,Q51-5years,0.5332973948452915,NA,NA,NA,beta
Q19Pollination,20149883933.85731,Q55-10years,-0.22896586030879004,NA,NA,NA,beta
Q19Pollination,20149883933.85731,Q8Diploma,-1.3188943749492117,NA,NA,NA,beta
Q19Pollination,20149883933.85731,Q8Masters,-0.577826903169412,NA,NA,NA,beta
Q19Pollination,20149883933.85731,Q8Other,20.44760039560907,NA,NA,NA,beta
Q19Pollination,20149883933.85731,Q8PhD,-0.31817979475549907,NA,NA,NA,beta
Q19Pollination,20149883933.85731,Q8TechnicalSecondaryOrLess,-1.130133948533488,NA,NA,NA,beta
Q19EnvEducation,281.0852016116512,Q7_continentAmerica,0.19305345164096652,0.5815354109678108,0.33197196249783045,0.7399104302599008,beta
Q19EnvEducation,281.0852016116512,Q7_continentAsia,1.198076563188656,1.202142454563631,0.9966177957033796,0.3189500646830208,beta
Q19EnvEducation,281.0852016116512,Q7_continentAustralia,-1.7849554907179106,0.8190263954080353,-2.179362595302748,0.02930474253680479,beta
Q19EnvEducation,281.0852016116512,Q7_continentEurope,-0.7945880246675683,0.5288571688036834,-1.5024624256583097,0.13297772483267487,beta
Q19Cstorage,964.8029989170825,Q2FieldRanger,-1.4847802845080238,0.7985350325343333,-1.8593802701375974,0.06297325637810197,beta
Q19Cstorage,964.8029989170825,Q2HighManagerialRole,-0.4220883169598308,0.6914274321364984,-0.610459315528725,0.5415575861055528,beta
Q19Cstorage,964.8029989170825,Q2Other,-0.620155187665697,0.6154102010149066,-1.0077102827398134,0.3135935671059292,beta
Q19Cstorage,964.8029989170825,Q2Policy/Planning,0.23484854694404741,0.7044369783108714,0.33338475147511015,0.7388438720075095,beta
Q19Cstorage,964.8029989170825,Q2Researcher,0.1898093505918979,0.5729135624548645,0.3313053888593387,0.7404138212297151,beta
Q19Cstorage,964.8029989170825,Q5>10years,-0.9613045037595038,0.74109674295833206,-1.2971376718269465,0.19458382160437238,beta
Q19Cstorage,964.8029989170825,Q51-5years,-0.6786042315752142,0.7859013442427967,-0.8634725421280943,0.38787770980811703,beta
Q19Cstorage,964.8029989170825,Q55-10years,0.08592241701268523,0.8006270301863444,0.10731890602380356,0.9145359863226631,beta
Q19Cstorage,964.8029989170825,Q7_continentAmerica,0.17804375864732297,0.7449735997445824,0.23899338004509968,0.8111107159832055,beta
Q19Cstorage,964.8029989170825,Q7_continentAsia,-0.9198198817857504,1.066613037634035,-0.862374496964802,0.3884814698804504,beta
Q19Cstorage,964.8029989170825,Q7_continentAustralia,-1.492737393653226,0.8786210480291223,-1.6989547393630713,0.0893277118656018,beta
Q19Cstorage,964.8029989170825,Q7_continentEurope,-0.5608436098447884,0.6966179966861286,-0.8050949193284834,0.4207649074484388,beta
Q19ReduceCCimpacts,590.0246631961263,Q2FieldRanger,0.2798096418074115,0.6932222105673976,0.40363629084877306,0.6864801948461989,beta
Q19ReduceCCimpacts,590.0246631961263,Q2HighManagerialRole,0.22334584658327103,0.6073025246691341,0.3677670312748207,0.713046954001351,beta
Q19ReduceCCimpacts,590.0246631961263,Q2Other,0.8918000076179862,0.5518605942785112,1.6159878361742848,0.1060969431246883,beta
Q19ReduceCCimpacts,590.0246631961263,Q2Policy/Planning,1.429422337105502,0.6290963384445359,2.2721835269933406,0.023075427801517105,beta
Q19ReduceCCimpacts,590.0246631961263,Q2Researcher,1.2714759585709248,0.5111326449300735,2.487565549144042,0.01286207486176797,beta
Q19ReduceCCimpacts,590.0246631961263,Q6>75%,0.18034181731968615,0.43376903128048444,0.41575540048886805,0.6775889974758431,beta
Q19ReduceCCimpacts,590.0246631961263,Q610-25%,0.3635208380094374,0.41864934279424293,0.8683181862490108,0.3852201689820852,beta
Q19ReduceCCimpacts,590.0246631961263,Q625-50%,-0.800091713558021,0.3596010136789978,-2.224942875918121,0.02608507320859372,beta
Q19ReduceCCimpacts,590.0246631961263,Q650-75%,-0.7393522212551382,0.3896087277343045,-1.897678795736175,0.0577384074850728,beta
Q19ReduceCCimpacts,590.0246631961263,Q7_continentAmerica,-0.47467711659292183,0.731902902777481,-0.6485520344182006,0.5166279672885418,beta
Q19ReduceCCimpacts,590.0246631961263,Q7_continentAsia,0.6449191096359181,1.2806667190293288,0.5035807521606632,0.614556021180444,beta
Q19ReduceCCimpacts,590.0246631961263,Q7_continentAustralia,-1.8127667672900034,0.8761748771988427,-2.068955427123719,0.038550269578772584,beta
Q19ReduceCCimpacts,590.0246631961263,Q7_continentEurope,-1.0533488050834772,0.6886714373508259,-1.529537523925035,0.12613124409214724,beta
Q19Wildfood,381.1949174160628,Q1Nonprofit,0.3848510151111553,0.36864075196064633,1.0439730633802513,0.29649785234705234,beta
Q19Wildfood,381.1949174160628,Q1Other,1.00929727342951,0.43904523259848827,2.298845764606044,0.021513699044408245,beta
Q19Wildfood,381.1949174160628,Q1Private,0.4189794337732777,0.5691907256362733,0.736096733313634,0.4616718306574093,beta
Q19Wildfood,381.1949174160628,Q1Research,-0.314869900708135,0.2653460537407289,-1.1866387167596475,0.23537015739188852,beta
Q19Wildfood,381.1949174160628,Q7_continentAmerica,1.2160688338652657,0.5593578339729754,2.1740445203526337,0.02970179186618672,beta
Q19Wildfood,381.1949174160628,Q7_continentAsia,1.5340890838859478,0.8893197181440172,1.7250141344977084,0.08452492529630443,beta
Q19Wildfood,381.1949174160628,Q7_continentAustralia,-0.5065641201421066,0.7622724576300736,-0.6645446979903074,0.5063417507804844,beta
Q19Wildfood,381.1949174160628,Q7_continentEurope,0.39917961455695494,0.5053614665803178,0.7898892989568939,0.42959242140014986,beta
